model,acc
gemma-2-27b-it,0.5755478662053056
gpt-4o-2024-08-06,0.5091383812010444
Llama-3.3-70B-Instruct,0.4960835509138381
