model,mrr,map@1,map@3,map@5,mrec@1,mrec@3,mrec@5
Llama-3.3-70B-Instruct,0.4241061130334484,0.3644752018454441,0.3922529796232216,0.3718425605536329,0.1039727967521929,0.1438761546838822,0.153692598595877
gemma-2-27b-it,0.2762513135335434,0.2183507549361208,0.2548393341076269,0.2480642663569492,0.08590007870733,0.1170178682658311,0.125201756519774
gpt-4o-2024-08-06,0.6605992788760412,0.5796344647519582,0.627937336814622,0.5799354511169127,0.1468583081622558,0.22108918690008245,0.2491101428890921
