model,mrr,map@1,map@3,map@5,mrec@1,mrec@3,mrec@5
gemma-2-27b-it,0.2762513135335434,0.2183507549361208,0.2548393341076269,0.2480642663569492,0.08590007870733,0.1170178682658311,0.125201756519774
gpt-4o-2024-08-06,0.6605992788760412,0.5796344647519582,0.627937336814622,0.5799354511169127,0.1468583081622558,0.2210891869000824,0.2491101428890921
Llama-3.3-70B-Instruct,0.6803307223672759,0.608355091383812,0.64490861618799,0.5843124456048736,0.15758037904365232,0.22538017084897305,0.25604801950096184
